,kNN_py_pred,SVM_py_pred,RF_py_pred
0,0.3458223395238927,0.22215238261038833,0.3935565251946288
1,0.698348315859316,0.3879061068806887,0.5250249696567033
2,0.715688771020037,0.7572420066624804,0.7827160562357465
